region_id,month,sri_score,cbr_score,priority_score,recommended_action
Puducherry,2025-06,-0.4604364846775553,0.12858311171770656,-0.16592668647992437,Monitor
Puducherry,2025-09,0.34648599075937603,-0.051768811616864314,0.14735858957125586,Monitor
Puducherry,2025-10,-0.09714215793972736,-0.09506797793812456,-0.09610506793892595,Monitor
Puducherry,2025-11,-0.0035323328976360297,0.006129042647162994,0.001298354874763482,Monitor
Puducherry,2025-12,-0.18484781182984636,0.01631457187478084,-0.08426661997753276,Monitor
Puducherry,2026-01,0.11217302351964262,0.2652208439487694,0.18869693373420598,Monitor
